Name,Abbreviation,Product,Contract Date,Expected ARR,Initial Go Live Target,Current Go Live Target,Actual Go Live,Assigned IS,Status,Comments,Link to Dock
Capstone Behavioral Healthcare,CAPSTONE,EHR,2026-04-24,32400,2026-07-13,2026-07-28,2026-07-28,"Alex Morse,Morgan Davis",Live,"Updated go live date: 07/06/2026 | 05/29/26 great group - starting training today. | 06/05/26 this group is moving full steam ahead and unless the import causes issues, they can likely go live much much sooner than projected. | 06/19: on target for go live. Import review today for initial import. | 6/25: go live pushed to 07/21 by customer to allow for more time for erx training | 07/10: import will go in on Monday. They are turning in a large amount of additional forms due to recent state changes that the team is tryig to rush and get built in. Will need a bit of mapping (MT agreed to no /charge as courtesy). INSISTENT THEY WANT ON SITE SUPPORT FOR GO LIVE. Requesting 2-3 days from 07/21ish to 07/24ish. | Go live pushed to 07/27 due to internal issues w/ their med management team. | 08/17: Support Handoff",https://pimsyehr.dock.us/capstone-behavioral-healthcare-TTewmkfq1G4m
Greentree,GHW,EHR,2026-05-11,14400,2026-07-20,2026-07-20,,Morgan Davis,Live,"05/29/26 on track but watching timeline closely due to customer slow-rolling discovery a bit | 06/12/26 first training starts today | 06/26: it's possible that go live date will be pushed out due to licensing, etc. | 07/10: they are behind schedule on licensure, medicaid contracts, etc so openig their doors in august is unlikely. Morgan to get more info when meeting w/ them today.",https://pimsyehr.dock.us/greentree-l5MJ4uleIiWA
SensoriWorks,SENSORI,EHR,2026-01-27,16440,2026-03-23,2026-07-13,2026-08-10,Jeremy Reals,Live,"Updated go live date: TBD | - 05/29/26 signing up for RCM now and doesn't want to go live until RCM is live - everything else for implementation is done. Import wasn't completed by customer request - wants to key data | 06/05/26 - Go live 06/29/26 w/ 2 touchpoints afterwards and then handing off to support. RCM contract is outstanding but there may be some confusion for the customer, thinking that RCM can get started prior to the contract being signed which isn't the case. | 06/12/26 - Due to family emergency, Mandy no showed the last 2 meetings and then submitted a bunch of new forms. | 06/19: everything is at a halt while they nail down the specifics for RCM (continuing to touch base and do minor config adjustments as they come up). Go live date will be pushed out again but date is TBD. | 06/26: all implementation items are done but RCM contract is still up in the air so nothing has been done on the billing side. Communication has fell off but our team continues to try and reach out. | 07/24: RCM contract was signed. Anna's met w/ Carrie & Minday re: Sensori's current state. Sensori is ready to start billing (unrealistic expectations) but RCM has some items (coupld of weeks) before billing can start (mid August). RCM hasn't started enrollments yet (possibly slow rolling by RCM - impression by our team is that RCM is overloaded and Sensori expects more attention and quicker turnarounds). Keep them in implementation for now. | 07/31: Enrollments & eligiblity complete. Anna & Mindy meeting Monday to discuss their service setup and billing needs. | 08/07: RCM goes live 08/10. This group is now considered ""live"" and is being passed to support.",https://pimsyehr.dock.us/mental-health-connecticut-owmhLp9sr2Kv
Le Chris Health Systems,LECHRIS,EHR,2026-02-27,78000,2026-06-08,11/2//2026,,"Alex Morse,Danielle  Piper",In Process - On track,"Updated go live date: 06/29/26 | 05/29: PCP & EVV is required prior to training end users per Bonnie. MT is waiting on ETA from engineering on the PCP.  | 06/05: PCP & EVV is coming out in the next release which is around 2 weeks(ish) out. | 06/12: Still dependent on release | 06/19: pushing go live date back due to the release delay of the pcp requirements for go live | 06/26: pushed go live date back to 20th due to needing to train staff post pcp release | 07/10: No import files submitted as of today. End-user training is finally happening post PCP update. Go live will be pushed out due to end user training & import. Updated date TBD (putting in a tent 07/27). | 07/17: still no import as of today. Alex meeting w/ them later today and will let them know they can go live 2 weeks post import file being submitted to us. | 07/24: due to the delay between core changes and end user trainings (had to wait on PCP), learning retention has been an issue and they are continuing to work on various clinical items plus adding users. Go live date will be pushed - Alex to discuss a new date w/ Bonnie and update the team Monday. | 07/31: Bonnie gave us a committment of the import files this week - no movement yet. | 08/14: Still waiting on import data. Employee training contingent on tp update. Danielle is working with LeChris on the IDD grid stuff. MT to reach out to Bonnie re: checkin for overall temp. Alex to check in re: current EVV contract end date | 08/21: still no go live date - still waiting on import files. Waiting on TP update to meet the needs of the IDD grid. Bonnie has agreed that the change in the IDD process will be difficult for direct care staff initially (paper to electronic) but overall will significantly increase their process by cutting out the admin part of the process. | 09/04: LeChris confirmed 11/02 as the new go live date to accomodate staff training & import.",https://pimsyehr.dock.us/le-chris-health-systems-oKDuYKM46H7q
Life Connections,LIFECONN,EHR+RCM,2026-05-27,183600,2026-08-03,2026-08-17,,Alex,Live,"06/12/26 A little bit of movement on discovery, touchpoints scheduled, and site FINALLY agreed to drop the 9 clinical leads from implementation. Likely to start training week of 22nd. | 06/26: Things are going well - received their import. There's some concern over lack of engagement w/ Alyssa (project lead). Morgan has identified a signficant amount of ""special"" billing config likely. | 07/10: On track. Some unique billing situations we're working with them on (payment collections are a struggle for them). Import files submitted. | 07/17: Their team is working on payment plans, etc. VERY messy payer contracts and complex client payment needs. RCM & Anna is working with them on this. This group turned their iimport in exactly when they should have but due to other imports in the queu MT is running behind with this one. Go live date CANNOT change so MT will work on getting this in next week. | 07/24: Pushed go live to 08/17 due to data concerns (100% agree w/ this). Billing is complicated for this site due to location/payer contracts. Communication w/ RCM team has improved. Jon's expectation is completed claims via PIMSY prior to go live. | 07/31: Initial import complete but still holding out on a possible additional file from Kasa to capture the policy holder info (Jon's very worried about that peice). Morgan confirmed yesterday that normal eligibility check unlikely to bring that info back. Anna is assisting Morgan and team on keeping RCM involved and on track (Matrix will be required for this site). The site provided an excel version of what they need on the matrix (RCM agreed on upkeep of the matrix). RCM received the spreadsheet but didn't do anything with it. After further digging, Morgan determined they aren't comfortable with the matrix so anna is going to work w/ them on getting this set up.  | 08/07: Test claims going out this morning - woot! On track for go live.  | 08/14: On track for go live Monday. digging into specific profile rules & adjusting those. RCM is good to go. Rejected claims reviewed yesterday. Anna confirmed matrix is setup and good to go - expect some questions from RCM for upkeep of the matrix until they feel more comfortable with it (and the credentialing is cleaned up). Alex was able to pull a report for John of all active clients where the client is not the ""insured by"" so they can manually update those clients.",https://pimsyehr.dock.us/dym-bhso-Uv80XbOrH0lC
Rae of Hope,ROH,EHR,2026-04-21,5760,2026-06-01,2026-06-22,2026-06-22,Danielle  Piper,Live,"Updated Go live date: 06/15/26, Updated go live TBD: 06/22/26 | - 05/29/26 import in progress. currently training on treatment plan. Morgan is working closely w/ Danielle & Cary on the billing side w/ Anna supporting her. | 06/12/26 Due to the Q1 2027 ETA for updating the CP access, Cary intends on keeping IOP & outpatient therapy in Simple practice until then.. Anna is working w/ Cary on a plan to handle billing in PIMSY while continuing to be connected to a clearinghouse via Simple Practice until January. She's actively learning DT for billing and seems invested. The team has positive feedback about working with her while acknoledging she' s chaotic to work with. | 06/19: Planning on going live with TCM Monday. Will likely go live w/ other services in either sept/oct or january (depending on treatment plan update & client portal access updates). | 06/23/26: Site is ""live"" as far as implementation goes but according to Cary, only 1 user/service can use PIMSY due to the goal/measure tracking & client portal access.",https://pimsyehr.dock.us/rae-of-hope-cyW7ECK3uKS5
Resilient,RPI,EHR+RCM,2026-03-27,18000,2026-05-19,2026-05-11,2026-05-11,"Danielle  Piper,Carrie Ripley",Live,| - 05/29/26 credentialing issues - thinking about using RCM for credentialing.,https://pimsyehr.dock.us/resilient-H6v6IwBcv3Ck
Southern Maine Support Services,SMSS,EHR,2025-10-30,6973.46,2026-05-04,2026-05-18,2026-05-18,Alexander Morse,Live,,https://pimsyehr.dock.us/southern-maine-support-services-UFOzQjoXLBOU
Renwick Recovery,RENWICK,EHR+RCM,2026-01-27,75000,2026-03-02,2026-07-27,,"Jeremy Reals, Mindy Douglas",Live,"Updated go live date: 06/29/26 | - 05/29/26 RCM has never billed UB04s so additional training/support from the PIMSY billing team is aware & supportive. customer had issues ordering the sig pads but Jeremy is assisting them. | 06/05/26 New go live date of 22nd. Questions about payers from yesterday - JR will followup with RCM. Some questions remain on their DSS/grant funding. | 06/12/26 Still waiting on group info | 06/19: updated go live to 06/29 due to their audit taking longer than expected | 06/26: Joe is still in the hospital - possible stroke. Groups are still not set up, only 1 user using the system due to lack of staff buyin. RCM still needs information setup, also waiting on customer. pushed go live date back again.  | 07/10: Surprisingly they decided to go live today. They aren't doing groups in the system yet but w/ Joe out of the hospital, groups are supposed to be determined in the next 1-2 weeks. leaving go live ""as is"" on this sheet for tracking since billing *& groups won't be ready for another week or 2. | 07/17: groups are still not ready but remaining hopeful for 07/27 go live. | 07/24: groups are still not ready - consider this site live and move them into support w/ additional support on how to do groups once that info is in place. Official handoff will take place 08/06 w/ coordination w/ Anna/support.",https://pimsyehr.dock.us/sensoriworks-Z1aKXzZZcOhW
Elevate Health and Wellness,EHW,EHR,,,2026-03-09,,2026-06-01,Jeremy Reals,Live,"Updated go live date: 06/01/26 | - 05/29/26 currently training staff) and canceled DrFirst for now, might pick it back up in the future",https://pimsyehr.dock.us/elevate-health-and-wellness-viWt2qiAunhg
Family First Community Services,FFCS,EHR,2029-05-29,40800,2026-08-03,2026-08-31,,Jeremy Reals,In Process - On track,06/12/26 had initial bump post kickoff w/ dock invites being blocked by their spam/junk but this has been resolved and they're engaging. | 07/10: On track & meeting today for their import review. | 07/17: Customer moved go live to 08/10. | 07/31: Doing soft go live the 10th and then full live the 17th. Anna will work w/ jeremy and the FFCS team on billing strategy for soft go live. | 08/07: Training staff on the 17th w/ Jeremy urging training next week too.  | 08/21: Pushing go live to 08/31 at the request of the site (just received final import data yesterday).,https://pimsyehr.dock.us/renwick-recovery--A2AC1O7z7scG
Regional Management Care,RMC,EHR,2025-12-10,13720,2026-02-23,TBD,TBD,Jeremy Reals,Paused,05/29/26 customer reached out to push out go-live date | 06/05/26 Brian to follow back up with next steps after speaking w/ Maribel. States still committed to moving forward. Nothing can happen until at least mid-July. IMPLEMENTATION FEE MUST BE PAID BEFORE MOVING FORWARD.,https://pimsyehr.dock.us/regional-management-care-GMpbnzM2H0DR
Psychological Health Roanoke,PHR,RCM,,50000,2026-06-01,2026-06-01,,Mindy Douglas,Live,,https://pimsyehr.dock.us/psychological-health-roanoke-J1LY8h3mOg2B
Advocate Psychological Services LLC,APS,RCM,,50000,2026-06-01,2026-06-08,2026-06-08,Mindy Douglas,Live,"Customer requested to push out one week for go-live (6/8), no risk",https://pimsyehr.dock.us/advocate-psychological-services-llc-x5rQ2li5veDN
Mental Health Connecticut,MHC,EHR,2025-07-30,118164,2026-07-01,2026-09-01,,Jeremy Reals,In Process - On track,08/14: Import is done. Only thing outstanding is the auths will MT will complete after location issue is resolved (engineering),https://pimsyehr.dock.us/family-first-community-services-s2gRWG6wnxC8
SWMCCC Community Treatment Program,SWMCCC,EHR,2026-07-17,8280,2026-09-21,2026-10-26,,Alex,In Process - Off track,08/07: No movement or login to Dock and rescheduled discovery meeting via Lance but not responding to Alex's messages. | 08/14: Still no contact or movement. does not respond to emails to anyone but Lance. Declining touch point meeting invites. Alex is following up with Lance to see if he can assist with this situation - apparently the site has told Lance that RCM services is a possibility. | 08/21: still refuse to communicate w/ Alex (no response to emails. No interaction with dock. Alex has reached out to Lance a few times for follow up with the team. Site has told Lance they are ready to engage - no response to Alex yet. 0 movement since kickoff. | 09/04: Continues to be unresponsive but Alex managed to make contact once but she's gone dark since. No movement on any items post kickoff to date.,https://pimsyehr.dock.us/life-connections-EWexutakEFhe
Lakeside Behavioral Health,LBH,EHR,2026-01-08,18480,2026-03-16,2026-07-20,2026-07-20,Danielle  Piper,Live,06/19: Kori connected them w/ global pay for cc processing and that's moving forward and we're on target for 07/13 go live. |,
DYM BHSO,DYM,EHR,2026-03-16,12000,2026-09-14,2026-10-12,,Danielle  Piper,In Process - On track,"05/29/26 MT returned Victor's call yesterday. No answer & vm not set up. will call back today re: canceling contract | 07/10: DYM posted a message in dock stating they are ready to move forward. I've instructed the team to hold off on scheduling anything until we have a plan for payments/contract. | 08/13: Contract Addendum filed, restarting implementation. DP & MT to schedule touch point to review expectations, timeline, and next steps | 08/26: Met w/ Victor and agreed on game plan for getting them up and going. he will submit the remaining discovery items to dock by this Friday. Touchpoint/discovery meeting already scheduled for next week. Victor was upbeat and voiced understanding and agreement to the plan and timeline. | 8/28: Form Uploads | 09/04: pushing go live back another week due to death in victor's family. | 09/11: We finally got access to the google docs which included a lot of corp requirements for config, expectations on system requirements, etc. Danielle has shared this with Alex & is being shared with Nathan.",https://pimsyehr.dock.us/epic-behavioral-health-kentucky-PZGSTScYP58C
Epic Behavioral Health - KY,EBHKY,EHR,,,2026-09-28,2026-10-01,,Danielle  Piper,In Process - Off track,07/24: has canceled/no showed all touch[points since kickoff. DP is supposed to speak with her today. They're feedbak has been concentrating on merger. | 07/31: continues to cancel/no show due to focus on merger. | 08/14: has completed some discovery and ghosted billing discovery | 08/21: Training has started - moving along quickly. Tiffany has some concerns about import (limitations on theranest side). Some concerns about Tiffany's followthru on returning items which may hold up go live. Danielle is staying on top of constant reminders to Tiffany on needed items. | 09/04: Customer has admittedly had a split focus and due to that the go live is being pushed to 10/05 (second time go live has been pushed for this reason),https://pimsyehr.dock.us/riverview-behavioral-health-kOMLoLiIgvC9
Riverview Behavioral Health,RBH,EHR,2026-07-20,5400,2026-09-28,,,Jeremy,In Process - Off track,08/07: Have accessed and looked around dock but no discovery submissions. Discovery meeting is today. Sarah is joining for billing discovery. | 08/14: Continues to access dock and attend touchpoints but have not submitted any discovery items. stated they emailed the information but nothing received and nothing forwarded when jeremy requested. | 08/21: Looks like nothing really returned in regard to billing. I have an update on RBH. Jeremy and Sara met with them yesterday to review the docs that they need built. Billing Discovery has not been scheduled because they have not completed the details SS. Sara expressed the importance to get this to up asap. They meet with them again next week I will ask to be added to that meeting.  |,https://pimsyehr.dock.us/swmccc-community-treatment-program-58KVQbGQDGpq
Mid-Maine Homeless Shelter & Services,MMHSS,EHR+RCM,2026-07-28,26100,2026-09-21,2026-10-19,,Danielle,In Process - On track,08/21: Still in config. DP has positive feedback about the team. RCM discovery scheduled for next week (include Anna as well). | 09/04: Go live date was pushed to 10/01 last week due to,https://pimsyehr.dock.us/mid-maine-homeless-shelter-services-14NU7WAcGXTo
Connected Community Care,CCCCARE,EHR,2026-07-31,10080,2026-10-05,,,Danielle,In Process - On track,08/21: pushed back go live by a week w/ extended discovery. | 09/04: This customer is spicy. Need more info for import - waiting on customer response. config is still ongoing.,https://pimsyehr.dock.us/connected-community-care-gtTKwmQcOdCb
CEDAR Health,CEDAR,EHR,2026-08-05,13200,2026-10-05,,,Alex,In Process - On track,"08/14: In dock, communicating and starting to submit discovery. | 08/21: Discovery meeting scheduled for today (Billing discovery done - new 3rd party biller thru a surprise to both them and us during this meeting - RCM services would be suggest4ed for this team and KAH to reach out to them. They asked for 3rd party options that work w/ PIMSY post that billing discovery call) | 09/04: Heavy AI/Ambient use - Alex will utilize other team members to assist with the buildout and understanding of the feature. they've requested the RCM contract as of today.",https://pimsyehr.dock.us/cedar-health-uJj0moDKb0ZB
Triangle Health Services,THS,EHR,2026-08-07,9240,2026-10-05,,,Jeremy,In Process - On track,08/14: kickoff today | 08/21: Training 1 scheduled (moved thru discovery quickly). Follow up with jeremy - re: why is training 1 scheduled but config isn't completed. Billing discovery is to be determined. | 09/04: Morgan had issues getting billing discovery scheduled due to lack of response from the customer - this has been resolved.,https://pimsyehr.dock.us/triangle-health-services-6bRKXbpYlxhF
BridgeHill Crossing,BHC,EHR,2026-08-11,10500,2026-10-05,,,Jeremy,In Process - On track,,https://pimsyehr.dock.us/bridgehill-crossing-jdEiuwH2fENA
Project Wellness,PWMI,EHR,2026-08-12,4500,2026-10-05,,,Alex,In Process - On track,08/25: Kickoff,https://pimsyehr.dock.us/project-wellness-GeTJBC0xeCtA
BetterDays Mental Health,BDMH,EHR,2026-08-19,18000,2027-02-01,,,Alex,In Process - On track,"08/28 Kickoff Today | 09/04: ""We will onboard this customer with Grace - Alex"".",
Transformation A New,TANC,EHR,2026-08-31,5400,2026-11-16,,,Danielle,In Process - On track,,
Fidelity Behavioral Health,FBH,EHR,2026-08-27,7400,2026-11-05,,,Jeremy,In Process - On track,,
O'Connor Evaluations,OCE,EHR+RCM,2026-08-31,7800,2026-11-09,,,Jeremy,In Process - On track,,
